Parts Of Speech,Suffix
"তাহীন
",বিশেষ্য
"
",বিশেষ্য
"
",বিশেষ্য
"ের
",বিশেষ্য
"দের
",বিশেষ্য
"ের
",বিশেষ্য
"তা
",বিশেষ্য
"
",বিশেষ্য
"পের
",বিশেষণ
"
",বিশেষ্য
"ের
",বিশেষ্য
"
",বিশেষণ
"এর
",বিশেষ্য
"ের
",ক্রিয়া
"তে
",বিশেষ্য
"র
",বিশেষ্য
"টাও
",বিশেষ্য
"তার
",বিশেষণ
"ম
",বিশেষ্য
"িণ
",বিশেষণ
"
",বিশেষ্য
"ীদের
",বিশেষ্য
"
",বিশেষ্য
"তা
",বিশেষ্য
"
",বিশেষ্য
"ব
",বিশেষ্য
"
",বিশেষ্য
"াঙ্কার
",বিশেষ্য
"
",বিশেষ্য
"
",বিশেষ্য
"
",বিশেষ্য
"
",বিশেষ্য
"তার
",বিশেষ্য
"ম
",ক্রিয়া
"ে
",বিশেষ্য
"ীর
",বিশেষ্য
"ন
",বিশেষ্য
"র
",বিশেষ্য
"্র
",বিশেষ্য
"
",বিশেষণ
"
",বিশেষ্য
"
",বিশেষণ
"
",সর্বনাম
"র
",বিশেষ্য
"ক
",বিশেষ্য
"ের
",বিশেষণ
"ের
",বিশেষ্য
"র
",অব্যয়
"টিকে
",বিশেষ্য
"
",অব্যয়
"াও
",বিশেষ্য
"
",বিশেষ্য
"
",বিশেষণ
"র
",বিশেষ্য
"জা
",বিশেষণ
"
",বিশেষ্য
"
",বিশেষ্য
"
",বিশেষ্য
"
",বিশেষ্য
"ের
",বিশেষ্য
"
",বিশেষ্য
"এসএসআই
",বিশেষ্য
"ক
",বিশেষ্য
"
",বিশেষ্য
"
",বিশেষ্য
"
",বিশেষ্য
"ের
",বিশেষণ
"রে
",বিশেষণ
"ে
",বিশেষ্য
"র
",বিশেষণ
"লবাও
",বিশেষ্য
"িক
",বিশেষ্য
"
",বিশেষ্য
"ের
",বিশেষ্য
"্য
",সর্বনাম
"
",বিশেষ্য
"ের
",বিশেষ্য
"র
",বিশেষ্য
"াটা
",বিশেষ্য
"
",বিশেষণ
"য়
",বিশেষ্য
"
",বিশেষ্য
"ীর
",বিশেষ্য
"ের
",বিশেষ্য
"ব
",বিশেষ্য
"হ
",বিশেষ্য
"
",বিশেষণ
"
",বিশেষ্য
"ঝড়
",বিশেষ্য
"ক
",বিশেষণ
"
",অব্যয়
"িককে
",বিশেষণ
"ের
",বিশেষ্য
"ইলসহ
",বিশেষ্য
"
",বিশেষণ
"ী
",বিশেষ্য
"ও
",বিশেষ্য
"
",বিশেষ্য
"
",বিশেষ্য
"
",অব্যয়
"স
",বিশেষণ
"
",বিশেষ্য
"
",বিশেষ্য
"
",বিশেষ্য
"ভাবে
",বিশেষণ
"
",বিশেষ্য
"কের
",বিশেষণ
"্পার
",বিশেষ্য
"া
",বিশেষ্য
"
",বিশেষ্য
"কে
",বিশেষ্য
"
",বিশেষ্য
"ির
",বিশেষণ
"দের
",বিশেষণ
"িতে
",বিশেষ্য
"িতে
",বিশেষ্য
"
",বিশেষ্য
"
",বিশেষণ
"
",বিশেষ্য
"ির
",বিশেষ্য
"দের
",বিশেষ্য
"মোতে
",বিশেষ্য
"
",বিশেষ্য
"রা
",বিশেষ্য
"ে
",বিশেষ্য
"র
",বিশেষ্য
"ন
",বিশেষ্য
"
",বিশেষ্য
"
",বিশেষ্য
"
",বিশেষ্য
"ক
",বিশেষ্য
"ে
",বিশেষণ
"
",বিশেষ্য
"ী
",বিশেষ্য
"
",বিশেষ্য
"ে
",বিশেষ্য
"ী
",বিশেষ্য
"ী
",বিশেষ্য
"
",বিশেষ্য
"ক
",বিশেষণ
"া
",বিশেষ্য
"ি
",বিশেষ্য
"ি
",বিশেষ্য
"া
",বিশেষ্য
"
",বিশেষ্য
"ি
",বিশেষ্য
"
",বিশেষ্য
"িও
",বিশেষ্য
"র
",বিশেষ্য
"
",বিশেষ্য
"
",বিশেষ্য
"ে
",বিশেষ্য
"ের
",বিশেষ্য
"
",বিশেষ্য
"
",ক্রিয়া
"র
",বিশেষ্য
"ীদের
",বিশেষ্য
"
",বিশেষ্য
"য়
",বিশেষ্য
"র
",বিশেষ্য
"তগুন্ডাবদমাশ
",সর্বনাম
"
",বিশেষ্য
"সহ
",বিশেষ্য
"িতে
",বিশেষ্য
"
",বিশেষণ
"র
",বিশেষ্য
"
",বিশেষ্য
"
",বিশেষ্য
"
",বিশেষ্য
"াদের
",বিশেষ্য
"
",বিশেষ্য
"
",বিশেষ্য
"ে
",ক্রিয়া
"কার
",বিশেষ্য
"দ
",বিশেষ্য
"ী
",বিশেষ্য
"মসলা
",বিশেষ্য
"য়
",অব্যয়
"ে
",বিশেষ্য
"ে
",বিশেষ্য
"র
",বিশেষণ
"
",বিশেষ্য
"
",বিশেষণ
"র্ডের
",অব্যয়
"ির
",বিশেষ্য
"েন
",বিশেষ্য
"ের
",বিশেষ্য
"
",বিশেষ্য
"ি
",ক্রিয়া
"ের
",বিশেষ্য
"কে
",বিশেষণ
"ের
",বিশেষ্য
"র
",অব্যয়
"ম
",বিশেষ্য
"াদ
",বিশেষ্য
"
",বিশেষ্য
"া
",বিশেষ্য
"
",বিশেষ্য
"াচল
",বিশেষ্য
"িতে
",ক্রিয়া
"
",বিশেষ্য
"
",বিশেষ্য
"রে
",বিশেষ্য
"
",বিশেষ্য
"না
",বিশেষ্য
"
",বিশেষ্য
"
",বিশেষণ
"ের
",ক্রিয়া
"
",বিশেষ্য
"র
",বিশেষ্য
"ীরাও
",বিশেষ্য
"ক
",বিশেষ্য
"তার
",বিশেষ্য
"ের
",বিশেষ্য
"
",বিশেষ্য
"
",বিশেষ্য
"ে
",বিশেষণ
"দের
",ক্রিয়া
"ের
",বিশেষ্য
"ি
",বিশেষ্য
"রোকেই
",বিশেষণ
"ী
",সর্বনাম
"িগুলো
",বিশেষ্য
"
",বিশেষ্য
"
",বিশেষ্য
"
",বিশেষ্য
"্ত্রণ
",বিশেষ্য
"ায়নের
",বিশেষ্য
"তার
",বিশেষ্য
"ি
",বিশেষ্য
"কে
",বিশেষ্য
"তে
",বিশেষ্য
"
",বিশেষ্য
"কের
",বিশেষ্য
"জীবী
",বিশেষ্য
"
",বিশেষ্য
"াণের
",বিশেষ্য
"
",বিশেষণ
"
",বিশেষ্য
"
",বিশেষ্য
"য়
",বিশেষ্য
"
",বিশেষ্য
"
",বিশেষ্য
"
",বিশেষ্য
"র
",বিশেষ্য
"তরা
",বিশেষ্য
"র
",বিশেষ্য
"ও
",বিশেষ্য
"র
",বিশেষ্য
"ট্রিক
",বিশেষ্য
"কে
",ক্রিয়া
"ীয়
",বিশেষ্য
"মো
",অব্যয়
"
",বিশেষ্য
"ান
",বিশেষ্য
"
",বিশেষ্য
"র
",বিশেষ্য
"রে
",বিশেষ্য
"
",বিশেষ্য
"ে
",বিশেষ্য
"
",বিশেষ্য
"য়
",বিশেষ্য
"দের
",বিশেষ্য
"ক
",বিশেষ্য
"াসহ
",বিশেষ্য
"
",বিশেষ্য
"
",বিশেষ্য
"ীতে
",বিশেষ্য
"দের
",বিশেষ্য
"ে
",সর্বনাম
"
",বিশেষ্য
"াল
",বিশেষ্য
"ে
",বিশেষ্য
"ের
",বিশেষ্য
"
",বিশেষ্য
"
",বিশেষ্য
"ীকে
",বিশেষ্য
"তাই
",অব্যয়
"
",বিশেষ্য
"্ত্রণের
",বিশেষণ
"হীন
",বিশেষ্য
"্থে
",বিশেষ্য
"দের
",বিশেষ্য
"
",বিশেষ্য
"কে
",বিশেষণ
"
",অব্যয়
"ের
",বিশেষণ
"াঞ্চলের
",বিশেষ্য
"
",বিশেষ্য
"
",বিশেষণ
"ি
",বিশেষ্য
"িত
",বিশেষ্য
"ের
",বিশেষ্য
"য়
",বিশেষ্য
"
",বিশেষ্য
"ীদের
",বিশেষ্য
"ে
",বিশেষ্য
"র
",বিশেষ্য
"ত্বের
",বিশেষণ
"ার
",বিশেষ্য
"য়
",বিশেষ্য
"
",বিশেষণ
"
",বিশেষ্য
"ে
",বিশেষ্য
"িণীরা
",বিশেষ্য
"য়
",বিশেষ্য
"ের
",বিশেষণ
"ে
",বিশেষ্য
"
",বিশেষ্য
"তা
",বিশেষ্য
"তেও
",বিশেষ্য
"ি
",বিশেষণ
"ভাবেও
",বিশেষ্য
"
",বিশেষণ
"
",সর্বনাম
"ীদের
",বিশেষণ
"ই
",বিশেষ্য
"
",বিশেষ্য
"
",বিশেষ্য
"
",বিশেষ্য
"ী
",ক্রিয়া
"
",বিশেষ্য
"ের
",বিশেষণ
"
",বিশেষ্য
"ণ
",বিশেষ্য
"
",বিশেষ্য
"
",বিশেষ্য
"কে
",বিশেষ্য
"র
",বিশেষ্য
"তাও
",বিশেষ্য
"াগুলো
",বিশেষ্য
"
",বিশেষ্য
"
",বিশেষ্য
"
",বিশেষ্য
"ত্তু
",বিশেষ্য
"তে
",বিশেষ্য
"গুলো
",বিশেষ্য
"
",সর্বনাম
"ই
",বিশেষ্য
"র
",বিশেষ্য
"েই
",বিশেষ্য
"ে
",বিশেষ্য
"
",বিশেষণ
"ন
",বিশেষ্য
"ের
",বিশেষ্য
"
",বিশেষ্য
"
",বিশেষ্য
"কে
",বিশেষণ
"র
",বিশেষ্য
"
",বিশেষ্য
"োত্তর
",সর্বনাম
"
",বিশেষ্য
"
",বিশেষ্য
"
",বিশেষ্য
"
",বিশেষণ
"
",বিশেষ্য
"
",বিশেষ্য
"িত
",বিশেষ্য
"ম
",বিশেষণ
"
",বিশেষ্য
"ে
",বিশেষ্য
"
",অব্যয়
"
",ক্রিয়া
"্বে
",বিশেষ্য
"
",বিশেষ্য
"
",বিশেষ্য
"
",বিশেষ্য
"ে
",বিশেষ্য
"
",বিশেষণ
"েল
",বিশেষ্য
"
",বিশেষ্য
"জ
",বিশেষণ
"
",বিশেষ্য
"
",বিশেষ্য
"
",বিশেষ্য
"
",বিশেষ্য
"
",বিশেষ্য
"য়
",বিশেষ্য
"
",বিশেষ্য
"
",অব্যয়
"ির
",অব্যয়
"এম
",বিশেষ্য
"র
",বিশেষ্য
"
",বিশেষণ
"ও
",বিশেষ্য
"
",বিশেষ্য
"কৃত
",বিশেষ্য
"ি
",বিশেষ্য
"
",বিশেষ্য
"সু
",বিশেষ্য
"কে
",বিশেষ্য
"
",বিশেষ্য
"
",সর্বনাম
"
",বিশেষ্য
"ী
",বিশেষ্য
"ক
",অব্যয়
"ী
",বিশেষ্য
"
",বিশেষ্য
"নরা
",অব্যয়
"তে
",বিশেষ্য
"ডাঙ্গার
",বিশেষ্য
"
",বিশেষণ
"া
",বিশেষ্য
"
",বিশেষ্য
"ের
",বিশেষণ
"নভাবে
",বিশেষ্য
"মপুরে
",বিশেষ্য
"ভাবে
",বিশেষ্য
"
",বিশেষ্য
"
",বিশেষণ
"র
",বিশেষ্য
"কে
",বিশেষ্য
"দেশ
",বিশেষণ
"েক
",বিশেষ্য
"কের
",বিশেষ্য
"ের
",বিশেষ্য
"ীদের
",বিশেষ্য
"
",বিশেষ্য
"
",অব্যয়
"
",বিশেষণ
"
",বিশেষ্য
"
",বিশেষ্য
"
",বিশেষ্য
"
",বিশেষ্য
"
",ক্রিয়া
"ে
",বিশেষ্য
"ের
",বিশেষ্য
"
",বিশেষ্য
"ও
",বিশেষ্য
"
",বিশেষণ
"ীদের
",বিশেষ্য
"ভাবে
",বিশেষ্য
"
",বিশেষণ
"
",বিশেষ্য
"র
",বিশেষ্য
"ে
",বিশেষণ
"
",বিশেষ্য
"
",বিশেষণ
"ের
",বিশেষ্য
"
",বিশেষ্য
"
",বিশেষ্য
"ে
",বিশেষ্য
"েই
",বিশেষ্য
"ে
",বিশেষ্য
"
",বিশেষ্য
"ী
",বিশেষ্য
"ে
",বিশেষ্য
"র
",বিশেষ্য
"েই
",বিশেষ্য
"গান
",বিশেষ্য
"র
",বিশেষ্য
"র
",বিশেষ্য
"
",বিশেষ্য
"
",বিশেষ্য
"দের
",বিশেষ্য
"াশনের
",বিশেষ্য
"ে
",অব্যয়
"
",বিশেষ্য
"
",বিশেষ্য
"ের
",বিশেষণ
"ের
",বিশেষ্য
"ী
",বিশেষ্য
"য়
",বিশেষ্য
"
",বিশেষ্য
"ের
",বিশেষ্য
"
",বিশেষ্য
"র
",সর্বনাম
"্যে
",বিশেষ্য
"র
",বিশেষ্য
"ের
",বিশেষ্য
"
",বিশেষ্য
"ডা
",বিশেষ্য
"
",বিশেষ্য
"তে
",বিশেষ্য
"
",বিশেষ্য
"য়ার
",সর্বনাম
"
",বিশেষ্য
"
",অব্যয়
"
",বিশেষ্য
"র
",বিশেষ্য
"ে
",বিশেষ্য
"
",বিশেষণ
"
",বিশেষ্য
"য়
",বিশেষ্য
"
",বিশেষ্য
"
",বিশেষ্য
"কে
",বিশেষ্য
"
",বিশেষণ
"
",বিশেষ্য
"সহ
",বিশেষ্য
"ক
",বিশেষ্য
"দের
",বিশেষ্য
"ের
",বিশেষণ
"জ্ঞদের
",বিশেষণ
"
",বিশেষ্য
"
",বিশেষ্য
"
",বিশেষ্য
"
",বিশেষণ
"তা
",বিশেষ্য
"
",বিশেষ্য
"
",বিশেষ্য
"্গকে
",বিশেষ্য
"নিয়া
",বিশেষ্য
"
",বিশেষ্য
"
",বিশেষ্য
"
",বিশেষ্য
"
",বিশেষ্য
"রা
",বিশেষণ
"ের
",বিশেষণ
"
",বিশেষ্য
"ের
",বিশেষ্য
"িক
",বিশেষ্য
"
",ক্রিয়া
"
",বিশেষ্য
"ভাবে
",বিশেষ্য
"ে
",বিশেষ্য
"
",বিশেষ্য
"ে
",ক্রিয়া
"িতায়
",বিশেষ্য
"
",বিশেষ্য
"ট
",বিশেষ্য
"জুড়ে
",বিশেষ্য
"লিয়া
",বিশেষ্য
"
",বিশেষ্য
"রূপে
",বিশেষ্য
"
",বিশেষ্য
"
",বিশেষ্য
"
",বিশেষ্য
"ে
",বিশেষণ
"ায়
",বিশেষ্য
"
",বিশেষ্য
"গুলো
",বিশেষণ
"
",বিশেষ্য
"ার
",বিশেষ্য
"র
",বিশেষ্য
"
",বিশেষ্য
"
",বিশেষ্য
"ির
",বিশেষ্য
"
",বিশেষ্য
"
",বিশেষ্য
"ক
",বিশেষ্য
"ী
",বিশেষ্য
"ধীন
",বিশেষ্য
"
",ক্রিয়া
"র
",বিশেষ্য
"ে
",বিশেষ্য
"তা
",বিশেষণ
"ভাবে
",বিশেষ্য
"ীরা
",বিশেষ্য
"
",বিশেষ্য
"র
",বিশেষ্য
"
",বিশেষ্য
"ের
",বিশেষণ
"না
",বিশেষ্য
"ের
",বিশেষ্য
"
",বিশেষ্য
"র
",বিশেষ্য
"ের
",বিশেষণ
"
",বিশেষ্য
"
",বিশেষণ
"ষও
",বিশেষণ
"ানির
",বিশেষ্য
"র
",বিশেষ্য
"
",বিশেষ্য
"া
",বিশেষ্য
"ে
",বিশেষণ
"
",বিশেষ্য
"
",বিশেষ্য
"
",বিশেষ্য
"ও
",বিশেষ্য
"
",বিশেষ্য
"ক
",বিশেষণ
"ী
",বিশেষণ
"
",বিশেষ্য
"
",বিশেষ্য
"
",বিশেষ্য
"
",বিশেষ্য
"লয়
",বিশেষ্য
"
",ক্রিয়া
"িক
",বিশেষ্য
"
",বিশেষ্য
"
",ক্রিয়া
"ার
",বিশেষ্য
"
",বিশেষণ
"া
",বিশেষ্য
"ের
",বিশেষণ
"
",বিশেষ্য
"য়
",বিশেষ্য
"গুলোও
",বিশেষ্য
"রা
",বিশেষ্য
"
",বিশেষণ
"াৎ
",বিশেষ্য
"ের
",বিশেষ্য
"ও
",বিশেষ্য
"
",বিশেষ্য
"ন
",বিশেষ্য
"তার
",সর্বনাম
"ণের
",বিশেষ্য
"
",বিশেষ্য
"সহ
",বিশেষ্য
"রটি
",বিশেষ্য
"
",বিশেষ্য
"ে
",বিশেষণ
"
",বিশেষ্য
"িজীবী
",অব্যয়
"
",বিশেষ্য
"
",বিশেষণ
"ে
",বিশেষ্য
"িকে
",বিশেষ্য
"ীয়
",বিশেষ্য
"
",বিশেষ্য
"কে
",বিশেষ্য
"
",বিশেষ্য
"টিতে
",বিশেষ্য
"হীনতাসহ
",বিশেষ্য
"
",ক্রিয়া
"
",বিশেষণ
"
",বিশেষ্য
"
",বিশেষ্য
"
",বিশেষ্য
"
",সর্বনাম
"
",বিশেষ্য
"ী
",বিশেষ্য
"েও
",বিশেষ্য
"
",বিশেষ্য
"ীর
",বিশেষ্য
"িকের
",বিশেষ্য
"ীকে
",বিশেষ্য
"
",বিশেষ্য
"ের
",বিশেষ্য
"য়ে
",অব্যয়
"তে
",বিশেষ্য
"ার
",বিশেষ্য
"য়
",বিশেষ্য
"
",বিশেষ্য
"ে
",বিশেষ্য
"
",বিশেষ্য
"
",বিশেষ্য
"ে
",বিশেষ্য
"দেরই
",সর্বনাম
"রা
",বিশেষ্য
"
",বিশেষ্য
"ী
",বিশেষ্য
"ল
",সর্বনাম
"দের
",বিশেষ্য
"
",বিশেষ্য
"েরহিম
",বিশেষ্য
"রা
",বিশেষ্য
"
",বিশেষ্য
"
",বিশেষ্য
"র
",বিশেষ্য
"বিষয়ক
",বিশেষ্য
"র
",বিশেষণ
"ও
",বিশেষ্য
"ি
",বিশেষ্য
"লস
",বিশেষ্য
"দের
",বিশেষ্য
"াও
",বিশেষ্য
"
",অব্যয়
"ের
",বিশেষ্য
"ে
",বিশেষ্য
"
",বিশেষণ
"
",বিশেষ্য
"
",বিশেষ্য
"ক
",বিশেষ্য
"
",বিশেষণ
"
",বিশেষ্য
"ই
",বিশেষ্য
"
",বিশেষণ
"ক
",অব্যয়
"ই
",বিশেষ্য
"েন্দুসমরেশের
",বিশেষ্য
"ে
",বিশেষ্য
"েই
",বিশেষণ
"ের
",বিশেষণ
"তা
",বিশেষ্য
"ময়ী
",বিশেষ্য
"
",বিশেষ্য
"ীকে
",অব্যয়
"
",বিশেষ্য
"র
",বিশেষ্য
"
",বিশেষ্য
"র
",বিশেষ্য
"
",বিশেষ্য
"
",বিশেষ্য
"
",বিশেষ্য
"
",বিশেষ্য
"ে
",বিশেষ্য
"
",বিশেষ্য
"
",বিশেষ্য
"টির
",বিশেষণ
"নো
",অব্যয়
"েও
",বিশেষ্য
"েরা
",বিশেষণ
"
",বিশেষণ
"কৃত
",বিশেষ্য
"িয়া
",বিশেষ্য
"
",বিশেষণ
"
",বিশেষণ
"ির
",বিশেষ্য
"
",বিশেষ্য
"
",বিশেষ্য
"দল
",বিশেষ্য
"চে
",বিশেষ্য
"
",বিশেষ্য
"
",বিশেষ্য
"
",বিশেষ্য
"ক
",বিশেষ্য
"ে
",বিশেষ্য
"ও
",বিশেষণ
"য
",বিশেষণ
"ের
",বিশেষণ
"ও
",বিশেষণ
"
",বিশেষ্য
"ই
",বিশেষ্য
"
",বিশেষ্য
"র
",বিশেষ্য
"
",বিশেষণ
"য়
",বিশেষ্য
"সুর
",বিশেষ্য
"ে
",বিশেষ্য
"রা
",বিশেষণ
"
",বিশেষ্য
"ের
",বিশেষ্য
"া
",বিশেষ্য
"
",বিশেষ্য
"র
",বিশেষ্য
"
",বিশেষ্য
"য়
",বিশেষ্য
"ি
",বিশেষ্য
"র
",বিশেষ্য
"কেও
",বিশেষ্য
"তেই
",অব্যয়
"ও
",বিশেষ্য
"িক
",বিশেষ্য
"ক
",বিশেষণ
"ির
",বিশেষ্য
"
",বিশেষ্য
"ে
",বিশেষণ
"
",বিশেষ্য
"েরা
",বিশেষ্য
"
",অব্যয়
"িতে
",বিশেষ্য
"র
",বিশেষ্য
"র
",বিশেষ্য
"
",বিশেষ্য
"
",বিশেষ্য
"কায়
",বিশেষণ
"া
",বিশেষ্য
"দের
",বিশেষ্য
"
",বিশেষণ
"
",বিশেষণ
"ে
",অব্যয়
"
",বিশেষ্য
"
",বিশেষ্য
"
",বিশেষ্য
"কে
",সর্বনাম
"ষ
",বিশেষ্য
"
",বিশেষ্য
"
",বিশেষ্য
"
",বিশেষ্য
"ক
",বিশেষ্য
"
",ক্রিয়া
"তে
",বিশেষ্য
"
",অব্যয়
"টিকে
",বিশেষ্য
"ন
",বিশেষ্য
"
",বিশেষ্য
"ে
",বিশেষ্য
"িত
",বিশেষ্য
"
",বিশেষ্য
"কে
",বিশেষ্য
"ী
",বিশেষ্য
"ের
",বিশেষণ
"
",বিশেষ্য
"
",অব্যয়
"তাগুলো
",বিশেষ্য
"
",বিশেষ্য
"য়
",বিশেষণ
"ি
",বিশেষ্য
"
",বিশেষ্য
"ীর
",অব্যয়
"
",বিশেষ্য
"ে
",বিশেষ্য
"
",বিশেষণ
"কা
",বিশেষ্য
"ত
",বিশেষণ
"ের
",বিশেষ্য
"ের
",বিশেষ্য
"ই
",বিশেষ্য
"ীদের
",বিশেষ্য
"ণে
",বিশেষ্য
"শী
",বিশেষ্য
"ের
",বিশেষ্য
"
",বিশেষ্য
"ত
",অব্যয়
"
",অব্যয়
"টি
",বিশেষ্য
"িই
",বিশেষ্য
"
",বিশেষ্য
"েও
",বিশেষণ
"
",বিশেষ্য
"ে
",বিশেষ্য
"ে
",বিশেষ্য
"
",বিশেষণ
"
",বিশেষ্য
"
",বিশেষ্য
"কে
",বিশেষ্য
"র
",বিশেষ্য
"দের
",বিশেষ্য
"
",অব্যয়
"
",বিশেষ্য
"রের
",বিশেষ্য
"
",বিশেষণ
"
",সর্বনাম
"েই
",বিশেষ্য
"
",বিশেষ্য
"লয়গুলোকে
",বিশেষ্য
"
",বিশেষ্য
"র
",বিশেষ্য
"র
",সর্বনাম
"ালের
",বিশেষ্য
"ি
",বিশেষ্য
"ক্টেবল
",বিশেষ্য
"াপুর
",বিশেষণ
"
",বিশেষ্য
"
",বিশেষ্য
"দের
",বিশেষ্য
"া
",বিশেষণ
"
",বিশেষ্য
"পাত
",বিশেষ্য
"
",বিশেষ্য
"
",বিশেষণ
"য়
",বিশেষ্য
"ান্ত
",বিশেষ্য
"
",বিশেষণ
"
",বিশেষ্য
"ীদের
",বিশেষ্য
"
",বিশেষ্য
"
",বিশেষ্য
"তার
",বিশেষ্য
"লের
",বিশেষ্য
"
",বিশেষ্য
"
",বিশেষণ
"ী
",বিশেষ্য
"
",বিশেষ্য
"া
",বিশেষ্য
"ী
",বিশেষ্য
"
",বিশেষণ
"োর
",অব্যয়
"ণের
",বিশেষ্য
"রা
",বিশেষ্য
"
",ক্রিয়া
"
",ক্রিয়া
"লের
",বিশেষ্য
"টি
",বিশেষণ
"র
",ক্রিয়া
"
",বিশেষ্য
"
",বিশেষ্য
"
",বিশেষণ
"ার
",বিশেষণ
"
",বিশেষ্য
"ৃত
",বিশেষ্য
"
",বিশেষ্য
"
",বিশেষ্য
"র
",বিশেষ্য
"ের
",বিশেষ্য
"
",বিশেষ্য
"
",বিশেষ্য
"কভাবেই
",বিশেষ্য
"
",বিশেষণ
"টিস
",বিশেষণ
"
",বিশেষ্য
"য়
",বিশেষ্য
"
",বিশেষণ
"
",অব্যয়
"
",বিশেষণ
"সহ
",বিশেষ্য
"িষ্কে
",বিশেষ্য
"
",বিশেষ্য
"
",বিশেষ্য
"
",বিশেষণ
"
",বিশেষ্য
"
",বিশেষ্য
"মের
",বিশেষণ
"
",বিশেষ্য
"হ
",বিশেষণ
"
",বিশেষণ
"েরা
",বিশেষণ
"ের
",বিশেষণ
"ম
",বিশেষ্য
"য়
",বিশেষ্য
"
",বিশেষ্য
"
",বিশেষ্য
"
",বিশেষ্য
"
",বিশেষ্য
"
",বিশেষ্য
"ের
",বিশেষ্য
"
",বিশেষ্য
"
",বিশেষ্য
"র
",বিশেষ্য
"ীদের
",বিশেষ্য
"ি
",বিশেষ্য
"
",বিশেষ্য
"
",বিশেষ্য
"
",বিশেষ্য
"েরা
",বিশেষ্য
"্যের
",বিশেষ্য
"
",বিশেষ্য
"
",বিশেষণ
"ই
",বিশেষণ
"
",বিশেষ্য
"ী
",বিশেষ্য
"
",বিশেষ্য
"ের
",বিশেষণ
"ির
",বিশেষণ
"
",বিশেষ্য
"ে
",বিশেষ্য
"ে
",বিশেষ্য
"তে
",বিশেষ্য
"
",বিশেষ্য
"ের
",বিশেষণ
"ই
",বিশেষ্য
"
",বিশেষ্য
"র
",বিশেষ্য
"ান
",বিশেষ্য
"ত্বও
",বিশেষণ
"
",বিশেষ্য
"ে
",বিশেষ্য
"
",বিশেষ্য
"িকতা
",বিশেষ্য
"
",বিশেষ্য
"কে
",বিশেষণ
"ম
",বিশেষ্য
"রের
",বিশেষণ
"য়া
",বিশেষ্য
"
",বিশেষ্য
"
",বিশেষ্য
"র
",বিশেষ্য
"ার
",বিশেষণ
"র
",অব্যয়
"েযাব
",বিশেষ্য
"ে
",বিশেষ্য
"
",বিশেষ্য
"র
",বিশেষণ
"র
",বিশেষ্য
"র
",বিশেষ্য
"ে
",বিশেষ্য
"ি
",বিশেষ্য
"
",বিশেষ্য
"
",বিশেষ্য
"য়
",বিশেষ্য
"ীকে
",বিশেষ্য
"
",বিশেষ্য
"
",বিশেষণ
"ই
",সর্বনাম
"ি
",বিশেষ্য
"ে
",বিশেষ্য
"
",বিশেষ্য
"
",বিশেষ্য
"
",বিশেষ্য
"রণকে
",বিশেষ্য
"ভাবেও
",বিশেষ্য
"ীদের
",বিশেষ্য
"ফেল
",বিশেষ্য
"ম
",বিশেষ্য
"কাটি
",বিশেষণ
"
",বিশেষ্য
"
",বিশেষণ
"র
",বিশেষণ
"
",বিশেষ্য
"ের
",বিশেষ্য
"
",বিশেষ্য
"ের
",বিশেষ্য
"
",বিশেষণ
"ও
",বিশেষ্য
"ী
",বিশেষ্য
"
",বিশেষ্য
"গুলোকে
",বিশেষ্য
"কয়রা
",বিশেষ্য
"
",বিশেষ্য
"
",বিশেষণ
"
",বিশেষ্য
"
",বিশেষ্য
"িতে
",বিশেষ্য
"
",বিশেষ্য
"ক
",বিশেষ্য
"টের
",বিশেষণ
"
",বিশেষ্য
"
",বিশেষণ
"নো
",বিশেষ্য
"ি
",বিশেষ্য
"
",বিশেষণ
"ির
",বিশেষণ
"ান
",বিশেষ্য
"ই
",বিশেষ্য
"ে
",বিশেষণ
"তা
",বিশেষ্য
"ণীসহ
",বিশেষ্য
"রের
",বিশেষ্য
"র
",বিশেষ্য
"র
",বিশেষ্য
"হু
",বিশেষ্য
"বতী
",বিশেষ্য
"ের
",ক্রিয়া
"
",বিশেষ্য
"ে
",বিশেষণ
"ে
",বিশেষ্য
"ে
",বিশেষ্য
"িকভাবে
",বিশেষ্য
"
",অব্যয়
"ী
",বিশেষ্য
"ই
",বিশেষ্য
"ে
",বিশেষণ
"
",বিশেষ্য
"য়
",বিশেষ্য
"
",বিশেষ্য
"লে
",বিশেষণ
"
",বিশেষ্য
"য়
",বিশেষণ
"
",বিশেষ্য
"
",বিশেষ্য
"য়ে
",বিশেষ্য
"টি
",বিশেষ্য
"
",বিশেষ্য
"ে
",বিশেষণ
"ক
",বিশেষ্য
"
",বিশেষণ
"
",বিশেষ্য
"
",বিশেষ্য
"্ড
",বিশেষ্য
"এর
",বিশেষ্য
"
",বিশেষ্য
"ের
",বিশেষ্য
"ি
",বিশেষণ
"ণীয়
",বিশেষ্য
"ত
",বিশেষণ
"
",বিশেষ্য
"
",বিশেষ্য
"
",বিশেষ্য
"
",বিশেষণ
"ক
",অব্যয়
"য়
",বিশেষ্য
"র
",বিশেষ্য
"বাজদের
",বিশেষ্য
"েরা
",বিশেষণ
"
",বিশেষ্য
"ুতে
",অব্যয়
"
",বিশেষ্য
"িণ
",বিশেষণ
"
",বিশেষ্য
"ে
",বিশেষ্য
"য়
",বিশেষণ
"
",বিশেষ্য
"রটি
",বিশেষণ
"
",বিশেষ্য
"রা
",বিশেষ্য
"ে
",বিশেষ্য
"তার
",বিশেষ্য
"ে
",বিশেষ্য
"িকা
",বিশেষ্য
"য়
",বিশেষণ
"
",বিশেষ্য
"ীর
",বিশেষ্য
"ী
",বিশেষ্য
"র
",বিশেষ্য
"ী
",বিশেষ্য
"
",বিশেষণ
"রিতে
",ক্রিয়া
"
",বিশেষণ
"ানের
",বিশেষ্য
"দের
",বিশেষণ
"র
",বিশেষণ
"
",বিশেষ্য
"র
",বিশেষণ
"তা
",বিশেষ্য
"র
",বিশেষ্য
"
",বিশেষ্য
"হতেহয়েছিল
",বিশেষ্য
"
",বিশেষ্য
"
",বিশেষ্য
"কে
",সর্বনাম
"কে
",বিশেষ্য
"িতার
",বিশেষ্য
"ৎসা
",বিশেষ্য
"তার
",বিশেষ্য
"রে
",বিশেষণ
"র্যামী
",বিশেষ্য
"
",বিশেষ্য
"
",বিশেষ্য
"
",সর্বনাম
"ে
",অব্যয়
"তভাবে
",বিশেষণ
"ার
",বিশেষ্য
"ে
",বিশেষণ
"
",বিশেষ্য
"িতে
",বিশেষ্য
"ত
",বিশেষ্য
"
",বিশেষ্য
"াল
",বিশেষ্য
"ের
",বিশেষ্য
"
",অব্যয়
"নীর
",সর্বনাম
"
",বিশেষ্য
"
",বিশেষ্য
"ী
",বিশেষ্য
"
",বিশেষ্য
"ম
",বিশেষ্য
"
",বিশেষ্য
"িত
",বিশেষ্য
"
",বিশেষ্য
"নী
",বিশেষ্য
"ক
",বিশেষ্য
"ে
",বিশেষণ
"
",বিশেষ্য
"
",বিশেষ্য
"
",বিশেষ্য
"ের
",বিশেষ্য
"
",বিশেষণ
"িত
",বিশেষ্য
"ের
",বিশেষ্য
"ীর
",বিশেষ্য
"
",সর্বনাম
"পাতের
",বিশেষ্য
"
",বিশেষ্য
"ির
",বিশেষ্য
"ে
",বিশেষ্য
"
",বিশেষ্য
"খনিজ
",বিশেষ্য
"র
",ক্রিয়া
"
",বিশেষণ
"
",বিশেষ্য
"ে
",বিশেষ্য
"তা
",বিশেষণ
"ের
",বিশেষ্য
"লীয়
",বিশেষ্য
"কে
",বিশেষ্য
"
",বিশেষ্য
"র
",বিশেষ্য
"
",বিশেষ্য
"ে
",বিশেষণ
"
",বিশেষণ
"
",বিশেষ্য
"ে
",বিশেষ্য
"য়
",বিশেষ্য
"
",বিশেষ্য
"াগুলো
",বিশেষ্য
"
",বিশেষ্য
"ে
",বিশেষ্য
"লে
",সর্বনাম
"
",বিশেষ্য
"দেশের
",বিশেষ্য
"ের
",বিশেষ্য
"
",বিশেষ্য
"কে
",বিশেষ্য
"
",অব্যয়
"
",বিশেষণ
"
",বিশেষ্য
"
",অব্যয়
"ে
",বিশেষ্য
"
",বিশেষ্য
"
",বিশেষণ
"ে
",বিশেষ্য
"দের
",বিশেষণ
"
",বিশেষ্য
"
",বিশেষ্য
"
",বিশেষ্য
"
",বিশেষণ
"
",বিশেষ্য
"
",বিশেষ্য
"
",বিশেষ্য
"ে
",বিশেষণ
"
",বিশেষ্য
"ায়
",বিশেষ্য
"
",বিশেষ্য
"েরা
",বিশেষ্য
"
",বিশেষ্য
"
",বিশেষ্য
"
",বিশেষণ
"
",বিশেষ্য
"ই
",বিশেষ্য
"র
",বিশেষ্য
"
",বিশেষ্য
"গুলো
",বিশেষ্য
"ী
",বিশেষণ
"পুর
",বিশেষ্য
"ীরা
",বিশেষ্য
"
",বিশেষ্য
"
",বিশেষ্য
"
",বিশেষণ
"ীয়
",অব্যয়
"ীগুলোর
",বিশেষ্য
"
",বিশেষ্য
"র
",বিশেষ্য
"
",বিশেষ্য
"ের
",অব্যয়
"
",বিশেষ্য
"টি
",বিশেষ্য
"
",বিশেষ্য
"ন
",অব্যয়
"্থীর
",বিশেষ্য
"
",বিশেষ্য
"
",বিশেষ্য
"েই
",সর্বনাম
"ে
",বিশেষণ
"তে
",বিশেষ্য
"্পা
",অব্যয়
"িকদের
",বিশেষ্য
"
",বিশেষণ
"ী
",বিশেষ্য
"
",বিশেষ্য
"
",বিশেষণ
"
",বিশেষণ
"
",বিশেষ্য
"ে
",বিশেষ্য
"ি
",বিশেষণ
"ন
",বিশেষ্য
"র
",অব্যয়
"ী
",বিশেষ্য
"ের
",বিশেষ্য
"
",বিশেষ্য
"
",বিশেষ্য
"
",বিশেষ্য
"ী
",বিশেষ্য
"র
",বিশেষ্য
"
",বিশেষণ
"বে
",বিশেষ্য
"
",বিশেষ্য
"
",বিশেষ্য
"ের
",বিশেষ্য
"
",বিশেষ্য
"
",বিশেষ্য
"জুড়ে
",বিশেষণ
"
",বিশেষ্য
"র
",বিশেষ্য
"
",বিশেষ্য
"সএর
",বিশেষ্য
"কে
",বিশেষ্য
"
",বিশেষণ
"ি
",বিশেষ্য
"ি
",বিশেষ্য
"ীরা
",বিশেষণ
"
",বিশেষ্য
"ে
",বিশেষ্য
"ক
",বিশেষ্য
"ার
",বিশেষ্য
"
",ক্রিয়া
"
",বিশেষ্য
"
",বিশেষ্য
"
",বিশেষ্য
"
",বিশেষ্য
"ের
",বিশেষ্য
"
",বিশেষ্য
"ানের
",বিশেষ্য
"ইয়ানই
",বিশেষ্য
"র
",বিশেষ্য
"
",ক্রিয়া
"
",বিশেষণ
"নো
",বিশেষণ
"
",বিশেষ্য
"
",বিশেষণ
"
",বিশেষ্য
"েই
",বিশেষ্য
"
",বিশেষ্য
"
",ক্রিয়া
"ী
",বিশেষ্য
"র
",বিশেষ্য
"
",বিশেষ্য
"তা
",বিশেষ্য
"ো
",বিশেষ্য
"ইল
",অব্যয়
"ভাবে
",বিশেষ্য
"ক
",বিশেষণ
"িত
",ক্রিয়া
"
",বিশেষ্য
"এ
",বিশেষ্য
"নের
",বিশেষণ
"
",বিশেষ্য
"র
",বিশেষণ
"িক
",বিশেষ্য
"
",বিশেষ্য
"িতে
",বিশেষ্য
"র
",বিশেষ্য
"ার
",বিশেষ্য
"তারও
",বিশেষ্য
"
",বিশেষ্য
"
",বিশেষ্য
"
",বিশেষ্য
"র
",বিশেষ্য
"টি
",বিশেষ্য
"র
",বিশেষ্য
"ট
",বিশেষ্য
"
",বিশেষণ
"
",বিশেষ্য
"
",অব্যয়
"ের
",বিশেষণ
"ি
",বিশেষ্য
"না
",বিশেষ্য
"ের
",বিশেষ্য
"ত
",বিশেষ্য
"ীরা
",বিশেষ্য
"গুলোর
",বিশেষ্য
"দের
",বিশেষণ
"রাও
",বিশেষ্য
"ের
",বিশেষ্য
"ক
",বিশেষ্য
"
",বিশেষ্য
"ত
",অব্যয়
"র
",বিশেষ্য
"
",বিশেষ্য
"
",বিশেষ্য
"
",বিশেষণ
"ক
",বিশেষ্য
"েই
",বিশেষ্য
"ন
",বিশেষ্য
"য়
",বিশেষ্য
"
",বিশেষ্য
"ী
",বিশেষ্য
"য়
",বিশেষ্য
"
",বিশেষ্য
"ি
",বিশেষ্য
"
",বিশেষ্য
"ীর
",বিশেষ্য
"
",বিশেষ্য
"
",সর্বনাম
"
",বিশেষ্য
"
",বিশেষ্য
"
",বিশেষ্য
"ই
",বিশেষণ
"
",বিশেষ্য
"
",বিশেষ্য
"া
",বিশেষ্য
"
",বিশেষ্য
"র
",বিশেষ্য
"
",বিশেষ্য
"ী
",বিশেষ্য
"া
",বিশেষ্য
"ন
",বিশেষ্য
"
",বিশেষ্য
"
",বিশেষ্য
"
",বিশেষ্য
"য়
",বিশেষ্য
"ের
",বিশেষ্য
"ে
",অব্যয়
"
",বিশেষ্য
"
",ক্রিয়া
"দের
",বিশেষ্য
"দল
",বিশেষ্য
"ার্স
",বিশেষণ
"
",বিশেষ্য
"র
",সর্বনাম
"ের
",অব্যয়
"
",বিশেষ্য
"র
",অব্যয়
"
",বিশেষ্য
"
",বিশেষ্য
"
",বিশেষ্য
"
",বিশেষণ
"ে
",বিশেষণ
"মের
",বিশেষ্য
"ুক
",বিশেষণ
"
",বিশেষ্য
"ত
",বিশেষ্য
"
",বিশেষ্য
"
",বিশেষ্য
"র
",বিশেষ্য
"
",বিশেষ্য
"জানকে
",বিশেষণ
"
",বিশেষ্য
"ে
",বিশেষ্য
"ে
",বিশেষ্য
"ল
",বিশেষ্য
"ের
",বিশেষ্য
"কেই
",বিশেষ্য
"ূকতা
",বিশেষ্য
"কদের
",বিশেষ্য
"ের
",বিশেষ্য
"
",বিশেষ্য
"্রের
",বিশেষণ
"
",বিশেষ্য
"ক
",বিশেষ্য
"য়াতির
",বিশেষ্য
"ন
",বিশেষ্য
"দের
",বিশেষণ
"
",বিশেষ্য
"
",বিশেষ্য
"
",বিশেষ্য
"
",বিশেষ্য
"নি
",বিশেষ্য
"
",বিশেষ্য
"তে
",বিশেষ্য
"কে
",বিশেষ্য
"ে
",বিশেষ্য
"
",বিশেষ্য
"র
",বিশেষ্য
"র
",বিশেষ্য
"
",বিশেষ্য
"
",বিশেষ্য
"
",বিশেষ্য
"
",বিশেষ্য
"দের
",বিশেষ্য
"
",বিশেষণ
"
",বিশেষ্য
"র
",বিশেষ্য
"ে
",বিশেষ্য
"
",বিশেষণ
"র
",বিশেষ্য
"দ
",বিশেষ্য
"
",সর্বনাম
"
",বিশেষ্য
"
",বিশেষ্য
"তে
",বিশেষণ
"ি
",বিশেষ্য
"
",বিশেষ্য
"
",বিশেষ্য
"
",বিশেষ্য
"ের
",বিশেষ্য
"সবই
",সর্বনাম
"
",বিশেষণ
"
",বিশেষ্য
"িকদের
",বিশেষণ
"
",বিশেষ্য
"
",বিশেষ্য
"র
",বিশেষ্য
"ের
",বিশেষ্য
"শোয়ানে
",বিশেষ্য
"
",বিশেষ্য
"
",বিশেষণ
"ীরা
",বিশেষ্য
"
",বিশেষ্য
"
",বিশেষ্য
"ি
",ক্রিয়া
"
",সর্বনাম
"ীরা
",বিশেষ্য
"ের
",বিশেষ্য
"ে
",বিশেষণ
"নি
",বিশেষ্য
"ক
",বিশেষ্য
"
",বিশেষ্য
"
",বিশেষ্য
"ও
",বিশেষণ
"ী
",বিশেষ্য
"
",বিশেষণ
"
",বিশেষণ
"ই
",বিশেষণ
"ী
",বিশেষণ
"
",বিশেষ্য
"
",বিশেষ্য
"
",ক্রিয়া
"ী
",বিশেষ্য
"ই
",বিশেষ্য
"
",বিশেষ্য
"
",বিশেষ্য
"য়
",বিশেষ্য
"
",বিশেষ্য
"েরও
",বিশেষ্য
"র
",বিশেষ্য
"ের
",বিশেষ্য
"ী
",বিশেষণ
"ম
",বিশেষণ
"দের
",বিশেষ্য
"া
",বিশেষ্য
"ি
",বিশেষ্য
"তার
",বিশেষণ
"
",বিশেষ্য
"ি
",বিশেষণ
"
",বিশেষ্য
"
",বিশেষ্য
"কে
",বিশেষ্য
"
",বিশেষ্য
"
",বিশেষ্য
"
",বিশেষণ
"ন
",বিশেষ্য
"তে
",বিশেষ্য
"
",অব্যয়
"র
",অব্যয়
"ের
",সর্বনাম
"ী
",বিশেষ্য
"ে
",বিশেষ্য
"
",বিশেষ্য
"দলের
",বিশেষ্য
"িত
",বিশেষ্য
"ের
",বিশেষ্য
"র
",সর্বনাম
"র
",বিশেষ্য
"
",বিশেষ্য
"ানের
",বিশেষণ
"ে
",বিশেষণ
"
",বিশেষ্য
"
",বিশেষ্য
"
",বিশেষণ
"
",বিশেষ্য
"ে
",বিশেষ্য
"য়ের
",বিশেষ্য
"
",বিশেষণ
"
",বিশেষ্য
"ও
",বিশেষণ
"েও
",বিশেষ্য
"ক
",বিশেষ্য
"গুলো
",ক্রিয়া
"েরা
",বিশেষ্য
"এর
",বিশেষ্য
"ের
",বিশেষ্য
"া
",বিশেষ্য
"
",বিশেষ্য
"
",বিশেষ্য
"ের
",বিশেষ্য
"ের
",বিশেষ্য
"র
",বিশেষ্য
"ে
",বিশেষণ
"ক
",বিশেষণ
"স
",বিশেষণ
"
",বিশেষ্য
"
",বিশেষ্য
"
",বিশেষণ
"
",বিশেষ্য
"
",বিশেষ্য
"র
",বিশেষ্য
"
",বিশেষ্য
"
",বিশেষ্য
"র
",বিশেষ্য
"ার
",বিশেষণ
"ম
",বিশেষ্য
"
",বিশেষ্য
"দের
",বিশেষণ
"ে
",বিশেষ্য
"
",বিশেষ্য
"
",বিশেষ্য
"ক
",বিশেষণ
"
",বিশেষ্য
"ে
",বিশেষ্য
"
",বিশেষ্য
"ী
",বিশেষ্য
"ে
",বিশেষ্য
"ের
",বিশেষ্য
"য়
",বিশেষ্য
"ী
",বিশেষণ
"
",বিশেষ্য
"
",বিশেষ্য
"
",বিশেষ্য
"ে
",বিশেষ্য
"ণে
",বিশেষ্য
"র
",বিশেষণ
"
",বিশেষ্য
"কা
",বিশেষণ
"ে
",বিশেষ্য
"র
",বিশেষ্য
"
",বিশেষ্য
"
",বিশেষ্য
"এমন
",বিশেষ্য
"ল
",বিশেষ্য
"
",বিশেষ্য
"ের
",বিশেষণ
"া
",বিশেষ্য
"
",বিশেষ্য
"
",বিশেষ্য
"
",বিশেষ্য
"ক
",বিশেষ্য
"া
",বিশেষ্য
"
",বিশেষ্য
"ে
",বিশেষণ
"িত
",বিশেষ্য
"ন
",বিশেষণ
"
",ক্রিয়া
"ি
",বিশেষ্য
"কে
",বিশেষ্য
"সীআজ
",বিশেষ্য
"ম
",বিশেষ্য
"
",বিশেষ্য
"
",বিশেষ্য
"ী
",বিশেষ্য
"ক
",বিশেষ্য
"ের
",বিশেষ্য
"ে
",বিশেষ্য
"
",বিশেষ্য
"
",বিশেষ্য
"
",বিশেষ্য
"
",বিশেষণ
"কে
",ক্রিয়া
"
",বিশেষণ
"র
",বিশেষ্য
"র
",বিশেষ্য
"
",বিশেষ্য
"দের
",বিশেষ্য
"ক
",বিশেষ্য
"যোগে
",বিশেষ্য
"জ্ঞরা
",বিশেষ্য
"
",সর্বনাম
"
",বিশেষ্য
"বির
",বিশেষ্য
"
",বিশেষ্য
"র
",বিশেষ্য
"
",অব্যয়
"বে
",বিশেষ্য
"ক
",বিশেষ্য
"ও
",বিশেষণ
"ার
",ক্রিয়া
"্তা
",বিশেষ্য
"ন
",অব্যয়
"
",বিশেষ্য
"স্তান
",অব্যয়
"া
",ক্রিয়া
"তার
",বিশেষ্য
"
",বিশেষ্য
"ই
",বিশেষণ
"ের
",বিশেষ্য
"ে
",বিশেষ্য
"
",বিশেষ্য
"ভাবেও
",বিশেষ্য
"
",অব্যয়
"ৎ
",বিশেষ্য
"ের
",বিশেষ্য
"ী
",বিশেষ্য
"
",বিশেষ্য
"
",বিশেষ্য
"মূলক
",বিশেষণ
"
",বিশেষ্য
"
",বিশেষণ
"য়
",বিশেষ্য
"িতা
",বিশেষ্য
"ি
",বিশেষ্য
"দের
",বিশেষণ
"ের
",বিশেষ্য
"
",বিশেষ্য
"ণ
",বিশেষ্য
"
",বিশেষ্য
"া
",বিশেষ্য
"দেশের
",বিশেষণ
"ই
",বিশেষ্য
"র
",বিশেষ্য
"
",বিশেষণ
"বহ
",বিশেষণ
"
",বিশেষণ
"
",বিশেষ্য
"ূপ
",বিশেষ্য
"
",বিশেষণ
"কেরা
",বিশেষ্য
"েও
",বিশেষণ
"
",বিশেষ্য
"
",বিশেষণ
"ে
",বিশেষণ
"ের
",বিশেষ্য
"মূলক
",বিশেষ্য
"তে
",বিশেষ্য
"
",বিশেষণ
"র
",বিশেষ্য
"
",বিশেষ্য
"
",বিশেষ্য
"
",বিশেষ্য
"ু
",বিশেষ্য
"র
",বিশেষ্য
"পতিদের
",বিশেষ্য
"র
",বিশেষ্য
"দের
",বিশেষ্য
"ম
",বিশেষ্য
"ের
",সর্বনাম
"
",বিশেষ্য
"
",বিশেষ্য
"ী
",অব্যয়
"লয়
",বিশেষ্য
"য়েতে
",বিশেষ্য
"ীরা
",বিশেষ্য
"র
",বিশেষ্য
"
",বিশেষ্য
"
",বিশেষণ
"
",বিশেষ্য
"
",বিশেষ্য
"
",অব্যয়
"
",বিশেষ্য
"
",ক্রিয়া
"ী
",বিশেষণ
"
",বিশেষ্য
"
",বিশেষ্য
"িক
",বিশেষণ
"
",বিশেষ্য
"ে
",বিশেষ্য
"
",বিশেষ্য
"র
",সর্বনাম
"রছবির
",বিশেষ্য
"তাকে
",বিশেষ্য
"ে
",বিশেষ্য
"সব
",বিশেষ্য
"
",বিশেষ্য
"েও
",বিশেষ্য
"ক
",বিশেষণ
"ে
",বিশেষণ
"সহ
",বিশেষ্য
"
",বিশেষ্য
"ল
",বিশেষণ
"ী
",বিশেষণ
"ল
",বিশেষ্য
"
",বিশেষ্য
"ে
",বিশেষ্য
"দের
",বিশেষ্য
"সহ
",বিশেষ্য
"িকের
",বিশেষ্য
"
",বিশেষ্য
"
",বিশেষ্য
"লিটি
",বিশেষ্য
"িল
",বিশেষ্য
"ে
",বিশেষণ
"
",বিশেষ্য
"র
",বিশেষ্য
"
",বিশেষ্য
"ের
",বিশেষ্য
"
",ক্রিয়া
"র
",বিশেষ্য
"
",বিশেষণ
"
",বিশেষ্য
"ৎসু
",বিশেষ্য
"েরই
",বিশেষ্য
"ভাবে
",বিশেষ্য
"
",বিশেষ্য
"ের
",বিশেষ্য
"ভাবে
",সর্বনাম
"
",ক্রিয়া
"ে
",বিশেষণ
"া
",বিশেষ্য
"
",বিশেষ্য
"ভাইকে
",বিশেষ্য
"
",বিশেষ্য
"
",বিশেষ্য
"ীদের
",বিশেষণ
"
",বিশেষ্য
"ে
",বিশেষণ
"
",অব্যয়
"ল
",বিশেষ্য
"
",বিশেষ্য
"দের
",বিশেষ্য
"
",বিশেষণ
"
",বিশেষ্য
"ে
",বিশেষ্য
"ে
",বিশেষ্য
"ের
",বিশেষ্য
"াংশ
",বিশেষ্য
"ূপ
",বিশেষ্য
"পুল
",বিশেষণ
"ে
",বিশেষ্য
"গুলোকে
",বিশেষ্য
"
",বিশেষ্য
"
",বিশেষ্য
"
",বিশেষ্য
"ন
",বিশেষ্য
"
",অব্যয়
"ন
",বিশেষ্য
"ে
",বিশেষ্য
"
",বিশেষ্য
"
",বিশেষ্য
"কাটি
",বিশেষ্য
"ম
",বিশেষ্য
"চারী
",ক্রিয়া
"র
",বিশেষণ
"য়
",বিশেষণ
"িতে
",বিশেষ্য
"
",বিশেষ্য
"ি
",বিশেষ্য
"ী
",বিশেষণ
"ী
",বিশেষণ
"ীর
",বিশেষ্য
"
",বিশেষ্য
"ে
",বিশেষণ
"কা
",বিশেষ্য
"ম
",বিশেষণ
"া
",বিশেষ্য
"গুলো
",অব্যয়
"বঞ্চিত
",বিশেষণ
"য়
",বিশেষ্য
"
",বিশেষ্য
"েরা
",বিশেষণ
"
",বিশেষ্য
"বস্থা
",বিশেষ্য
"
",সর্বনাম
"ও
",বিশেষ্য
"ের
",বিশেষ্য
"বস্থাকে
",ক্রিয়া
"
",বিশেষ্য
"
",বিশেষ্য
"
",বিশেষ্য
"কে
",বিশেষ্য
"
",বিশেষ্য
"
",বিশেষণ
"ি
",বিশেষ্য
"ব
",বিশেষ্য
"ও
",বিশেষ্য
"রও
",বিশেষ্য
"
",বিশেষ্য
"ে
",বিশেষ্য
"েরাও
",বিশেষ্য
"
",বিশেষ্য
"
",বিশেষ্য
"
",বিশেষ্য
"
",বিশেষ্য
"ের
",বিশেষণ
"র
",বিশেষ্য
"
",বিশেষ্য
"ক
",বিশেষ্য
"
",বিশেষ্য
"র
",বিশেষ্য
"িদুই
",বিশেষ্য
"রসবখানেই
",বিশেষ্য
"ায়
",বিশেষ্য
"
",বিশেষ্য
"ের
",অব্যয়
"িও
",বিশেষ্য
"
",বিশেষ্য
"
",বিশেষ্য
"
",বিশেষ্য
"
",বিশেষ্য
"চারী
",বিশেষ্য
"দিহি
",বিশেষ্য
"ান্সে
",বিশেষ্য
"ক
",বিশেষ্য
"ন
",বিশেষ্য
"
",বিশেষ্য
"কে
",বিশেষ্য
"ন
",বিশেষ্য
"ালটা
",বিশেষ্য
"তে
",বিশেষ্য
"িউড
",বিশেষ্য
"
",বিশেষণ
"দের
",বিশেষ্য
"ে
",বিশেষ্য
"
",বিশেষ্য
"
",বিশেষ্য
"
",বিশেষ্য
"ুদেরও
",বিশেষণ
"ের
",অব্যয়
"
",বিশেষ্য
"
",বিশেষ্য
"িক
",বিশেষ্য
"র
",বিশেষ্য
"ি
",বিশেষ্য
"
",বিশেষ্য
"
",বিশেষ্য
"ে
",বিশেষণ
"কালজয়ী
",বিশেষ্য
"কীকরণ
",বিশেষ্য
"র
",বিশেষণ
"
",বিশেষণ
"ন
",অব্যয়
"র
",বিশেষ্য
"
",বিশেষ্য
"ীর
",বিশেষ্য
"
",বিশেষ্য
"
",বিশেষণ
"
",বিশেষ্য
"
",বিশেষ্য
"
",বিশেষ্য
"কে
",বিশেষ্য
"ীদের
",বিশেষ্য
"ী
",বিশেষ্য
"
",বিশেষ্য
"ে
",বিশেষ্য
"ে
",বিশেষ্য
"
",ক্রিয়া
"কে
",বিশেষ্য
"দী
",বিশেষ্য
"ে
",বিশেষণ
"ে
",বিশেষ্য
"ক
",বিশেষ্য
"ীকেও
",বিশেষ্য
"র
",বিশেষ্য
"
",বিশেষ্য
"্ডের
",বিশেষ্য
"ণ
",বিশেষ্য
"ক
",বিশেষ্য
"য়ে
",বিশেষ্য
"
",বিশেষ্য
"র
",বিশেষ্য
"
",বিশেষণ
"
",বিশেষ্য
"
",বিশেষ্য
"
",বিশেষ্য
"টি
",বিশেষ্য
"
",বিশেষ্য
"কে
",বিশেষ্য
"ে
",বিশেষ্য
"ি
",বিশেষ্য
"ির
",সর্বনাম
"ী
",বিশেষ্য
"ের
",বিশেষ্য
"ক
",বিশেষ্য
"
",বিশেষ্য
"
",বিশেষ্য
"
",ক্রিয়া
"ের
",বিশেষ্য
"
",বিশেষ্য
"ণ
",বিশেষ্য
"
",বিশেষ্য
"
",বিশেষ্য
"ি
",বিশেষ্য
"ত
",বিশেষ্য
"ই
",বিশেষ্য
"ের
",বিশেষণ
"নগুলো
",বিশেষণ
"দের
",বিশেষ্য
"গুলো
",বিশেষ্য
"
",বিশেষ্য
"
",বিশেষণ
"টি
",বিশেষ্য
"বিদ
",অব্যয়
"লয়
",বিশেষ্য
"দে
",বিশেষ্য
"য়
",ক্রিয়া
"
",বিশেষ্য
"
",বিশেষ্য
"ে
",বিশেষণ
"
",বিশেষণ
"ের
",বিশেষ্য
"
",বিশেষ্য
"
",বিশেষ্য
"
",বিশেষ্য
"
",অব্যয়
"
",বিশেষ্য
"
",বিশেষ্য
"
",বিশেষণ
"
",অব্যয়
"
",বিশেষ্য
"লয়গুলোর
",বিশেষ্য
"ে
",বিশেষ্য
"য়াম
",বিশেষ্য
"ায়
",অব্যয়
"েরা
",বিশেষ্য
"ীদের
",বিশেষণ
"
",বিশেষ্য
"ী
",বিশেষ্য
"র
",বিশেষ্য
"
",বিশেষণ
"ির
",বিশেষ্য
"র
",বিশেষ্য
"দের
",বিশেষ্য
"
",বিশেষ্য
"কে
",বিশেষ্য
"
",বিশেষ্য
"ত
",বিশেষ্য
"ের
",সর্বনাম
"মজাদিরা
",বিশেষ্য
"ম
",বিশেষ্য
"
",বিশেষ্য
"জাত
",বিশেষ্য
"ে
",বিশেষ্য
"তায়
",সর্বনাম
"
",বিশেষ্য
"য়
",বিশেষ্য
"ের
",বিশেষণ
"ত
",বিশেষ্য
"য়
",বিশেষণ
"
",বিশেষণ
"
",বিশেষ্য
"র
",বিশেষ্য
"রও
",বিশেষ্য
"ন
",অব্যয়
"মোতে
",ক্রিয়া
"
",বিশেষণ
"নগুলোতেও
",বিশেষ্য
"
",বিশেষ্য
"ককে
",বিশেষ্য
"ী
",বিশেষণ
"্ত্রণের
",সর্বনাম
"িতে
",বিশেষ্য
"রা
",অব্যয়
"
",বিশেষণ
"ণে
",বিশেষ্য
"ী
",অব্যয়
"
",বিশেষণ
"লয়ে
",বিশেষ্য
"সবই
",বিশেষণ
"রের
",বিশেষ্য
"তাএসব
",বিশেষ্য
"ত
",বিশেষ্য
"ে
",বিশেষ্য
"কাটি
",বিশেষণ
"
",অব্যয়
"্বী
",বিশেষ্য
"ীতে
",বিশেষ্য
"িগুলো
",বিশেষ্য
"কার
",বিশেষ্য
"ত
",বিশেষ্য
"বদের
",বিশেষণ
"লয়
",বিশেষ্য
"
",বিশেষ্য
"
",বিশেষ্য
"দেশ
",বিশেষ্য
"ীদের
",বিশেষ্য
"
",বিশেষ্য
"
",বিশেষ্য
"
",বিশেষ্য
"
",বিশেষ্য
"
",বিশেষ্য
"
",বিশেষ্য
"
",ক্রিয়া
"
",বিশেষ্য
"
",বিশেষ্য
"
",বিশেষ্য
"বস্থার
",বিশেষণ
"ের
",বিশেষ্য
"ি
",বিশেষ্য
"
",বিশেষ্য
"দেরও
",বিশেষণ
"ের
",বিশেষ্য
"কায়
",বিশেষ্য
"াসিনহা
",বিশেষ্য
"
",বিশেষ্য
"
",বিশেষ্য
"
",সর্বনাম
"ভাবে
",বিশেষণ
"
",বিশেষ্য
"
",বিশেষণ
"ের
",বিশেষ্য
"য়
",বিশেষ্য
"
",বিশেষ্য
"ের
",বিশেষ্য
"মনে
",বিশেষ্য
"িয়া
",বিশেষ্য
"ের
",বিশেষ্য
"
",ক্রিয়া
"
",বিশেষ্য
"ের
",বিশেষ্য
"
",বিশেষ্য
"
",বিশেষণ
"
",বিশেষ্য
"
",বিশেষ্য
"র
",বিশেষ্য
"িকেও
",বিশেষ্য
"ের
",বিশেষ্য
"র
",বিশেষণ
"
",বিশেষ্য
"র
",বিশেষ্য
"
",বিশেষ্য
"
",বিশেষ্য
"াংশের
",বিশেষ্য
"শীল
",বিশেষণ
"ের
",বিশেষ্য
"
",বিশেষ্য
"
",বিশেষ্য
"
",বিশেষ্য
"্থী
",অব্যয়
"র
",বিশেষ্য
"
",বিশেষ্য
"র
",বিশেষ্য
"
",বিশেষ্য
"
",বিশেষ্য
"ে
",বিশেষ্য
"ও
",বিশেষ্য
"
",অব্যয়
"রা
",বিশেষ্য
"ার
",বিশেষ্য
"ের
",বিশেষ্য
"র
",বিশেষ্য
"ের
",বিশেষণ
"ি
",বিশেষ্য
"ে
",বিশেষ্য
"ী
",বিশেষ্য
"
",বিশেষ্য
"র
",বিশেষ্য
"িকেরা
",বিশেষ্য
"ি
",বিশেষ্য
"ের
",বিশেষ্য
"তা
",বিশেষ্য
"ার্থীর
",অব্যয়
"ইটের
",বিশেষ্য
"
",বিশেষ্য
"
",বিশেষ্য
"নের
",বিশেষণ
"খালী
",বিশেষ্য
"য়
",বিশেষ্য
"
",বিশেষণ
"
",বিশেষণ
"ীয়দের
",বিশেষণ
"র
",বিশেষ্য
"মুখী
",বিশেষ্য
"াংশ
",বিশেষ্য
"
",বিশেষ্য
"কে
",বিশেষ্য
"
",বিশেষ্য
"ন
",বিশেষ্য
"ের
",বিশেষ্য
"
",বিশেষণ
"ক
",বিশেষ্য
"ী
",বিশেষ্য
"ও
",বিশেষ্য
"র
",বিশেষ্য
"র
",বিশেষ্য
"
",বিশেষ্য
"
",বিশেষ্য
"কে
",বিশেষ্য
"
",বিশেষ্য
"ন
",ক্রিয়া
"
",বিশেষ্য
"মোতেই
",বিশেষ্য
"ও
",বিশেষ্য
"রে
",ক্রিয়া
"স
",বিশেষ্য
"ের
",বিশেষ্য
"গেও
",বিশেষ্য
"এসব
",বিশেষ্য
"
",বিশেষ্য
"
",বিশেষ্য
"িত
",বিশেষ্য
"ের
",বিশেষ্য
"িবাদ
",বিশেষ্য
"কেরাও
",বিশেষ্য
"
",বিশেষ্য
"
",বিশেষ্য
"
",বিশেষ্য
"
",বিশেষ্য
"দের
",বিশেষ্য
"
",বিশেষ্য
"তে
",বিশেষ্য
"
",বিশেষ্য
"েরও
",বিশেষ্য
"ী
",বিশেষ্য
"ক
",বিশেষ্য
"
",বিশেষ্য
"ীতে
",বিশেষ্য
"নেপাল
",বিশেষ্য
"
",সর্বনাম
"টি
",বিশেষ্য
"
",ক্রিয়া
"
",বিশেষ্য
"র
",বিশেষ্য
"ই
",বিশেষ্য
"
",বিশেষ্য
"ের
",বিশেষণ
"র
",বিশেষ্য
"ে
",অব্যয়
"র
",বিশেষ্য
"
",বিশেষ্য
"
",বিশেষ্য
"র্ড
",বিশেষ্য
"ক
",বিশেষ্য
"
",বিশেষ্য
"
",বিশেষ্য
"জের
",বিশেষ্য
"
",বিশেষ্য
"
",বিশেষণ
"ের
",বিশেষ্য
"
",বিশেষ্য
"
",বিশেষ্য
"ে
",বিশেষ্য
"ক
",বিশেষণ
"ভর্তি
",বিশেষ্য
"
",বিশেষণ
"
",বিশেষণ
"দের
",বিশেষ্য
"রে
",বিশেষ্য
"ি
",বিশেষ্য
"
",বিশেষ্য
"ইংল্যান্ড
",বিশেষ্য
"ন
",বিশেষ্য
"
",বিশেষ্য
"র
",বিশেষণ
"ীর
",বিশেষণ
"
",বিশেষ্য
"তা
",বিশেষ্য
"
",বিশেষ্য
"
",বিশেষ্য
"
",বিশেষ্য
"
",বিশেষ্য
"ির
",বিশেষ্য
"
",বিশেষ্য
"
",বিশেষ্য
"ত
",বিশেষণ
"া
",বিশেষণ
"েরাও
",বিশেষ্য
"
",অব্যয়
"ী
",বিশেষ্য
"
",বিশেষ্য
"াংশেরও
",বিশেষ্য
"ে
",বিশেষ্য
"দের
",বিশেষ্য
"কোত্তর
",বিশেষ্য
"
",বিশেষ্য
"ী
",বিশেষ্য
"
",বিশেষ্য
"ান্য
",অব্যয়
"
",বিশেষণ
"ে
",বিশেষ্য
"
",বিশেষণ
"
",বিশেষ্য
"ক
",ক্রিয়া
"
",বিশেষ্য
"
",বিশেষণ
"
",অব্যয়
"
",বিশেষ্য
"িকেরই
",বিশেষ্য
"র
",বিশেষ্য
"িত
",বিশেষ্য
"
",বিশেষ্য
"নের
",বিশেষ্য
"র
",বিশেষ্য
"র
",বিশেষণ
"লয়
",বিশেষ্য
"
",বিশেষ্য
"ও
",বিশেষ্য
"
",বিশেষ্য
"
",বিশেষ্য
"
",বিশেষ্য
"
",বিশেষ্য
"
",বিশেষ্য
"
",বিশেষণ
"
",বিশেষণ
"তায়
",বিশেষ্য
"পিসহ
",বিশেষ্য
"ল
",অব্যয়
"দের
",বিশেষণ
"
",বিশেষ্য
"ে
",বিশেষ্য
"্য
",বিশেষ্য
"
",বিশেষ্য
"
",অব্যয়
"
",বিশেষ্য
"িকর
",বিশেষ্য
"ক
",সর্বনাম
"ী
",বিশেষ্য
"র
",বিশেষ্য
"ভাবে
",বিশেষ্য
"র
",বিশেষ্য
"ণকে
",বিশেষ্য
"ে
",বিশেষ্য
"ি
",বিশেষ্য
"রা
",বিশেষ্য
"ী
",বিশেষণ
"
",বিশেষ্য
"
",বিশেষণ
"
",বিশেষ্য
"
",বিশেষ্য
"
",বিশেষ্য
"
",বিশেষ্য
"
",বিশেষ্য
"
",বিশেষ্য
"
",বিশেষ্য
"
",বিশেষ্য
"ের
",বিশেষণ
"তাসব
",বিশেষ্য
"
",বিশেষ্য
"ন
",বিশেষ্য
"ি
",বিশেষ্য
"র
",বিশেষ্য
"ের
",সর্বনাম
"ীরাও
",বিশেষ্য
"েরা
",বিশেষ্য
"
",অব্যয়
"ত্বের
",বিশেষ্য
"
",বিশেষ্য
"
",বিশেষ্য
"
",বিশেষণ
"
",বিশেষণ
"র
",বিশেষ্য
"রে
",বিশেষ্য
"
",বিশেষ্য
"গের
",ক্রিয়া
"ণ
",বিশেষ্য
"ে
",বিশেষণ
"
",বিশেষ্য
"ে
",বিশেষণ
"দের
",বিশেষ্য
"র
",বিশেষ্য
"ীদের
",বিশেষণ
"
",বিশেষ্য
"
",বিশেষ্য
"ের
",বিশেষ্য
"
",অব্যয়
"
",বিশেষ্য
"ের
",বিশেষ্য
"ীর
",বিশেষ্য
"
",বিশেষ্য
"য়
",বিশেষ্য
"ক
",অব্যয়
"
",বিশেষণ
"র
",বিশেষণ
"ার
",বিশেষ্য
"
",বিশেষণ
"তকে
",বিশেষ্য
"রটি
",বিশেষ্য
"ির
",বিশেষ্য
"
",বিশেষণ
"ী
",বিশেষ্য
"
",বিশেষ্য
"রে
",বিশেষ্য
"ীর
",বিশেষণ
"ক
",বিশেষ্য
"য়মননে
",সর্বনাম
"ই
",বিশেষ্য
"
",বিশেষ্য
"
",বিশেষ্য
"ম
",বিশেষ্য
"
",বিশেষ্য
"
",বিশেষণ
"ও
",বিশেষণ
"ের
",অব্যয়
"া
",বিশেষ্য
"ীরা
",বিশেষ্য
"ন
",বিশেষণ
"ের
",ক্রিয়া
"ম
",বিশেষ্য
"শীলকরণ
",বিশেষ্য
"ের
",বিশেষ্য
"্য
",বিশেষ্য
"
",বিশেষ্য
"তা
",বিশেষ্য
"ির
",বিশেষ্য
"
",বিশেষণ
"ন
",বিশেষ্য
"
",বিশেষ্য
"
",বিশেষ্য
"ের
",বিশেষণ
"
",বিশেষ্য
"িক
",বিশেষ্য
"ী
",বিশেষ্য
"র
",বিশেষ্য
"র
",বিশেষ্য
"
",বিশেষ্য
"
",বিশেষ্য
"ের
",বিশেষ্য
"
",বিশেষণ
"র
",বিশেষ্য
"
",বিশেষ্য
"
",বিশেষ্য
"
",সর্বনাম
"
",বিশেষ্য
"কে
",বিশেষ্য
"
",বিশেষ্য
"েই
",বিশেষ্য
"নকে
",বিশেষ্য
"ী
",অব্যয়
"স
",বিশেষণ
"ইয়ের
",বিশেষ্য
"ী
",বিশেষ্য
"ই
",বিশেষ্য
"্যে
",বিশেষণ
"র
",বিশেষ্য
"র
",বিশেষ্য
"
",বিশেষণ
"স
",বিশেষ্য
"ক
",বিশেষ্য
"ে
",বিশেষণ
"
",বিশেষ্য
"
",বিশেষ্য
"
",বিশেষ্য
"
",বিশেষ্য
"ের
",বিশেষ্য
"েই
",বিশেষ্য
"
",বিশেষ্য
"য়
",বিশেষ্য
"ম
",বিশেষ্য
"
",বিশেষ্য
"
",বিশেষণ
"
",বিশেষ্য
"
",বিশেষ্য
"
",বিশেষণ
"কে
",বিশেষণ
"
",বিশেষ্য
"র
",বিশেষ্য
"কে
",বিশেষণ
"্ত্রণের
",বিশেষ্য
"ক
",বিশেষণ
"
",বিশেষ্য
"
",বিশেষ্য
"
",বিশেষ্য
"য়
",বিশেষ্য
"
",বিশেষ্য
"া
",বিশেষ্য
"ী
",বিশেষ্য
"দের
",বিশেষ্য
"
",বিশেষ্য
"
",বিশেষ্য
"মন
",বিশেষ্য
"
",বিশেষ্য
"
",বিশেষ্য
"ষ
",বিশেষ্য
"
",বিশেষ্য
"ই
",বিশেষ্য
"ত
",বিশেষ্য
"কে
",বিশেষণ
"
",ক্রিয়া
"কে
",বিশেষণ
"ের
",বিশেষ্য
"
",বিশেষ্য
"ো
",বিশেষণ
"
",বিশেষ্য
"র
",বিশেষ্য
"
",বিশেষ্য
"ী
",বিশেষণ
"ই
",বিশেষ্য
"ীটিও
",বিশেষ্য
"
",বিশেষ্য
"
",বিশেষ্য
"কে
",বিশেষ্য
"
",বিশেষ্য
"ণ
",বিশেষ্য
"ণার
",বিশেষ্য
"ীদের
",বিশেষ্য
"
",অব্যয়
"েও
",বিশেষ্য
"ে
",বিশেষ্য
"দের
",বিশেষণ
"ক
",বিশেষণ
"র
",বিশেষ্য
"গুলোকে
",বিশেষণ
"ী
",বিশেষ্য
"যে
",বিশেষণ
"ের
",বিশেষ্য
"র
",বিশেষ্য
"ও
",বিশেষ্য
"ের
",বিশেষ্য
"
",বিশেষ্য
"ে
",বিশেষ্য
"
",বিশেষ্য
"ে
",বিশেষ্য
"
",বিশেষ্য
"ীদের
",সর্বনাম
"য়
",বিশেষ্য
"দের
",বিশেষ্য
"ষে
",বিশেষ্য
"
",বিশেষ্য
"
",বিশেষ্য
"ীরই
",বিশেষ্য
"ের
",সর্বনাম
"
",বিশেষ্য
"ে
",বিশেষণ
"ের
",বিশেষ্য
"র
",বিশেষ্য
"
",বিশেষ্য
"ে
",বিশেষ্য
"রা
",বিশেষ্য
"
",বিশেষ্য
"
",বিশেষ্য
"ও
",বিশেষ্য
"েরা
",বিশেষ্য
"
",বিশেষ্য
"
",বিশেষ্য
"
",বিশেষণ
"
",অব্যয়
"িকভাবে
",বিশেষ্য
"ং
",বিশেষ্য
"ের
",বিশেষ্য
"এর
",বিশেষ্য
"
",ক্রিয়া
"
",বিশেষ্য
"গুলোকে
",বিশেষ্য
"ক
",বিশেষ্য
"ির
",বিশেষ্য
"ে
",বিশেষণ
"ে
",বিশেষ্য
"কে
",বিশেষ্য
"র
",বিশেষণ
"ীদের
",বিশেষ্য
"ের
",ক্রিয়া
"সবই
",বিশেষণ
"া
",বিশেষণ
"
",বিশেষ্য
"ীকে
",বিশেষ্য
"
",বিশেষ্য
"
",বিশেষ্য
"ের
",বিশেষ্য
"র
",বিশেষ্য
"ে
",বিশেষ্য
"রের
",বিশেষ্য
"
",বিশেষ্য
"ে
",বিশেষ্য
"
",অব্যয়
"
",বিশেষ্য
"
",বিশেষ্য
"ক
",বিশেষ্য
"ও
",বিশেষ্য
"
",বিশেষ্য
"ারের
",বিশেষ্য
"ই
",বিশেষ্য
"
",বিশেষ্য
"
",বিশেষ্য
"তে
",বিশেষ্য
"
",বিশেষ্য
"
",বিশেষ্য
"ম
",বিশেষ্য
"র
",বিশেষ্য
"ে
",সর্বনাম
"ত
",বিশেষ্য
"
",বিশেষ্য
"িনী
",বিশেষণ
"
",বিশেষ্য
"ের
",বিশেষণ
"
",অব্যয়
"ায়
",বিশেষণ
"
",বিশেষণ
"
",অব্যয়
"বিদের
",বিশেষ্য
"ে
",বিশেষ্য
"ের
",বিশেষণ
"
",বিশেষ্য
"ের
",বিশেষ্য
"ের
",বিশেষ্য
"তাকে
",বিশেষ্য
"লয়
",বিশেষ্য
"ীদের
",বিশেষ্য
"
",বিশেষণ
"
",বিশেষ্য
"
",বিশেষ্য
"
",বিশেষ্য
"
",বিশেষ্য
"কে
",বিশেষ্য
"
",ক্রিয়া
"য়ার
",বিশেষ্য
"ম
",বিশেষ্য
"েও
",বিশেষণ
"দের
",বিশেষ্য
"র
",ক্রিয়া
"র্ডও
",বিশেষ্য
"ে
",বিশেষ্য
"র
",বিশেষ্য
"
",বিশেষ্য
"
",বিশেষ্য
"
",বিশেষ্য
"ই
",বিশেষ্য
"
",বিশেষ্য
"
",বিশেষ্য
"রই
",বিশেষ্য
"লকে
",বিশেষ্য
"র
",বিশেষ্য
"ে
",বিশেষ্য
"কে
",বিশেষ্য
"
",বিশেষ্য
"ের
",বিশেষ্য
"
",বিশেষণ
"ের
",বিশেষ্য
"
",বিশেষ্য
"ী
",অব্যয়
"
",বিশেষ্য
"
",বিশেষ্য
"ন
",বিশেষ্য
"ী
",বিশেষ্য
"
",অব্যয়
"রের
",বিশেষ্য
"
",বিশেষণ
"র
",বিশেষ্য
"ীদেরও
",বিশেষণ
"
",বিশেষ্য
"
",ক্রিয়া
"া
",বিশেষ্য
"্রের
",বিশেষ্য
"
",সর্বনাম
"ানো
",বিশেষ্য
"োয়ারাএসবই
",বিশেষ্য
"ে
",অব্যয়
"
",বিশেষ্য
"ির
",বিশেষ্য
"
",বিশেষণ
"টি
",বিশেষ্য
"
",অব্যয়
"ে
",অব্যয়
"লয়
",বিশেষ্য
"
",বিশেষ্য
"
",বিশেষ্য
"ের
",বিশেষ্য
"
",বিশেষ্য
"
",বিশেষ্য
"
",বিশেষ্য
"
",বিশেষ্য
"
",বিশেষ্য
"ন
",বিশেষ্য
"
",বিশেষ্য
"
",বিশেষ্য
"
",বিশেষ্য
"কে
",বিশেষণ
"ে
",বিশেষ্য
"সে
",বিশেষ্য
"
",বিশেষণ
"
",বিশেষ্য
"ু
",বিশেষণ
"
",বিশেষ্য
"র
",বিশেষ্য
"ক
",বিশেষ্য
"র
",বিশেষ্য
"ওচুপকরেযায়
",অব্যয়
"য়
",বিশেষ্য
"া
",বিশেষ্য
"ি
",বিশেষ্য
"ক
",বিশেষ্য
"
",বিশেষ্য
"ষেরা
",বিশেষণ
"ড়ে
",বিশেষণ
"ের
",বিশেষ্য
"
",বিশেষ্য
"তা
",বিশেষণ
"
",বিশেষ্য
"ী
",ক্রিয়া
"
",বিশেষ্য
"ন
",বিশেষ্য
"য়
",বিশেষ্য
"ন
",বিশেষ্য
"ী
",বিশেষণ
"
",বিশেষ্য
"
",বিশেষণ
"দের
",বিশেষণ
"কদের
",বিশেষণ
"
",বিশেষ্য
"নেদের
",বিশেষ্য
"ে
",বিশেষ্য
"র
",বিশেষ্য
"্য
",বিশেষ্য
"ে
",বিশেষণ
"ত্বের
",বিশেষণ
"াঞ্চল
",বিশেষ্য
"
",বিশেষণ
"
",বিশেষ্য
"নের
",বিশেষ্য
"রা
",বিশেষ্য
"ধ
",বিশেষ্য
"
",বিশেষ্য
"ী
",বিশেষ্য
"ক
",বিশেষ্য
"য়
",বিশেষ্য
"ীদের
",বিশেষ্য
"
",বিশেষণ
"
",বিশেষ্য
"ে
",বিশেষণ
"ায়
",ক্রিয়া
"পিকে
",বিশেষণ
"ম
",সর্বনাম
"
",বিশেষ্য
"
",বিশেষ্য
"
",বিশেষ্য
"া
",বিশেষণ
"চাপ
",বিশেষ্য
"
",বিশেষণ
"র
",বিশেষ্য
"
",বিশেষ্য
"ণের
",বিশেষণ
"র
",বিশেষ্য
"
",বিশেষ্য
"
",বিশেষ্য
"
",বিশেষ্য
"
",বিশেষ্য
"ায়ন
",বিশেষ্য
"গুলোর
",বিশেষ্য
"টি
",ক্রিয়া
"র
",বিশেষ্য
"
",বিশেষ্য
"ি
",বিশেষ্য
"এর
",বিশেষ্য
"
",বিশেষ্য
"গুলোর
",বিশেষ্য
"ের
",বিশেষ্য
"ও
",ক্রিয়া
"
",বিশেষ্য
"ক
",বিশেষ্য
"ীর
",বিশেষ্য
"বিদকে
",বিশেষ্য
"এ
",বিশেষ্য
"র
",বিশেষ্য
"
",বিশেষ্য
"
",বিশেষ্য
"
",বিশেষ্য
"
",বিশেষ্য
"
",বিশেষণ
"ার
",বিশেষ্য
"
",বিশেষ্য
"
",বিশেষণ
"ক
",বিশেষণ
"
",ক্রিয়া
"
",বিশেষ্য
"েই
",বিশেষ্য
"রা
",বিশেষ্য
"
",বিশেষ্য
"্র
",বিশেষণ
"র
",বিশেষ্য
"
",বিশেষ্য
"
",বিশেষ্য
"
",বিশেষ্য
"
",বিশেষ্য
"
",বিশেষ্য
"
",বিশেষ্য
"ার
",বিশেষণ
"
",বিশেষ্য
"
",বিশেষ্য
"
",বিশেষ্য
"
",ক্রিয়া
"তে
",বিশেষণ
"ি
",বিশেষ্য
"র
",বিশেষ্য
"
",অব্যয়
"রটিতে
",বিশেষ্য
"
",বিশেষ্য
"ক
",বিশেষ্য
"কেই
",বিশেষ্য
"কে
",বিশেষণ
"করণ
",বিশেষ্য
"
",বিশেষ্য
"
",বিশেষ্য
"ের
",বিশেষ্য
"র
",বিশেষ্য
"
",বিশেষ্য
"কে
",বিশেষ্য
"
",বিশেষ্য
"
",বিশেষ্য
"
",বিশেষণ
"ের
",বিশেষ্য
"য়
",বিশেষণ
"ী
",ক্রিয়া
"েও
",বিশেষ্য
"র
",বিশেষ্য
"
",বিশেষ্য
"রা
",বিশেষ্য
"ে
",বিশেষ্য
"
",বিশেষ্য
"ের
",বিশেষ্য
"
",বিশেষ্য
"
",বিশেষ্য
"
",ক্রিয়া
"য়
",বিশেষ্য
"
",বিশেষণ
"
",বিশেষ্য
"দের
",বিশেষ্য
"ে
",সর্বনাম
"য়
",বিশেষ্য
"
",বিশেষ্য
"
",বিশেষ্য
"
",বিশেষণ
"ময়
",বিশেষণ
"
",বিশেষ্য
"র
",সর্বনাম
"ে
",বিশেষ্য
"দের
",বিশেষ্য
"টা
",বিশেষ্য
"ে
",অব্যয়
"
",বিশেষ্য
"
",বিশেষ্য
"
",বিশেষ্য
"
",বিশেষ্য
"কুলাম
",বিশেষ্য
"ী
",বিশেষ্য
"েরা
",বিশেষ্য
"ন্দোসহ
",বিশেষ্য
"
",বিশেষণ
"
",বিশেষ্য
"
",বিশেষ্য
"
",ক্রিয়া
"ক
",বিশেষ্য
"
",বিশেষ্য
"
",বিশেষ্য
"
",বিশেষ্য
"
",বিশেষ্য
"
",অব্যয়
"সহ
",বিশেষ্য
"
",বিশেষ্য
"
",বিশেষ্য
"
",বিশেষণ
"েও
",বিশেষ্য
"শহরখুলশি
",বিশেষ্য
"ণে
",বিশেষ্য
"নের
",বিশেষ্য
"ও
",বিশেষ্য
"ে
",বিশেষণ
"ান
",বিশেষণ
"
",বিশেষ্য
"নই
",সর্বনাম
"নের
",বিশেষ্য
"
",বিশেষ্য
"
",বিশেষণ
"ে
",বিশেষ্য
"কে
",বিশেষণ
"
",বিশেষ্য
"ও
",বিশেষ্য
"ও
",বিশেষণ
"লয়ে
",বিশেষ্য
"
",ক্রিয়া
"
",বিশেষ্য
"িই
",বিশেষ্য
"মই
",বিশেষ্য
"র
",বিশেষ্য
"
",বিশেষ্য
"্থীরা
",বিশেষণ
"র
",বিশেষ্য
"
",বিশেষণ
"র
",বিশেষ্য
"ন
",বিশেষ্য
"্বে
",অব্যয়
"
",বিশেষণ
"কে
",বিশেষ্য
"ী
",বিশেষ্য
"
",অব্যয়
"
",বিশেষণ
"ে
",বিশেষ্য
"
",বিশেষণ
"
",ক্রিয়া
"ের
",বিশেষ্য
"কায়
",বিশেষ্য
"ির
",বিশেষ্য
"কে
",বিশেষ্য
"ের
",বিশেষ্য
"ে
",অব্যয়
"া
",বিশেষ্য
"াকে
",বিশেষ্য
"শীল
",বিশেষ্য
"
",বিশেষ্য
"ের
",বিশেষ্য
"
",বিশেষ্য
"
",বিশেষণ
"মে
",বিশেষ্য
"
",বিশেষ্য
"ালার
",বিশেষ্য
"
",বিশেষ্য
"
",বিশেষ্য
"তে
",বিশেষ্য
"তা
",বিশেষ্য
"ী
",বিশেষণ
"
",বিশেষ্য
"
",বিশেষ্য
"শ
",বিশেষ্য
"
",বিশেষ্য
"কেরা
",বিশেষ্য
"
",বিশেষ্য
"ক
",বিশেষণ
"ায়
",বিশেষ্য
"এর
",বিশেষ্য
"
",বিশেষ্য
"াইন
",বিশেষ্য
"
",বিশেষ্য
"ার
",বিশেষণ
"
",বিশেষ্য
"ী
",বিশেষ্য
"ীর
",বিশেষ্য
"েও
",বিশেষ্য
"লয়গুলোর
",বিশেষ্য
"িকদের
",বিশেষ্য
"রা
",বিশেষ্য
"ন
",বিশেষ্য
"ষই
",বিশেষ্য
"
",বিশেষ্য
"
",বিশেষ্য
"
",বিশেষ্য
"ত
",বিশেষ্য
"ের
",বিশেষ্য
"
",বিশেষ্য
"
",বিশেষ্য
"কে
",বিশেষ্য
"হ
",বিশেষ্য
"সু
",বিশেষ্য
"গান
",বিশেষ্য
"ের
",বিশেষ্য
"লী
",বিশেষ্য
"
",বিশেষ্য
"সহ
",বিশেষ্য
"
",বিশেষ্য
"লীর
",বিশেষণ
"রও
",বিশেষ্য
"ির
",বিশেষ্য
"ী
",বিশেষ্য
"রে
",বিশেষ্য
"তে
",অব্যয়
"
",বিশেষ্য
"
",বিশেষণ
"র
",বিশেষ্য
"ের
",বিশেষণ
"ী
",বিশেষণ
"ের
",বিশেষ্য
"
",বিশেষণ
"্ত্রণে
",বিশেষ্য
